follower,following
alicewatanabe87,eveanunoby00
danbarnes89,charliebarnes18
charliesiakam85,bobvanvleet73
danwatanabe18,evevanvleet53
evewatanabe70,eveanunoby00
charliebarnes18,danwatanabe18
evevanvleet53,danbarnes89
frankbarnes27,bobbarnes46
frankbarnes27,franksiakam61
bobbarnes46,bobanunoby13
franksiakam61,dansiakam52
charlievanvleet87,evesiakam52
charliesiakam85,charliebarnes18
dananunoby76,dansiakam52
evewatanabe70,bobbarnes46
alicevanvleet32,evewatanabe70
evebarnes87,bobvanvleet73
alicevanvleet32,franksiakam61
frankanunoby10,evebarnes87
alicewatanabe87,evevanvleet53
danwatanabe18,frankwatanabe18
bobwatanabe67,bobanunoby13
alicebarnes94,bobwatanabe67
alicewatanabe87,aliceanunoby46
charliesiakam85,charliewatanabe59
aliceanunoby46,danwatanabe18
danvanvleet27,alicesiakam11
charlieanunoby10,charliesiakam85
charlieanunoby10,franksiakam61
danwatanabe18,alicesiakam11
bobvanvleet73,alicesiakam11
eveanunoby00,evebarnes87
eveanunoby00,aliceanunoby46
bobvanvleet73,evewatanabe70
evebarnes87,evevanvleet53
charlieanunoby10,bobanunoby13
charlievanvleet87,bobwatanabe67
franksiakam61,danvanvleet27
charliewatanabe59,charlievanvleet87
charliesiakam85,alicebarnes94
charliebarnes18,charlieanunoby10
charlieanunoby10,charliebarnes18
alicevanvleet32,bobvanvleet73
bobvanvleet73,alicevanvleet32
danvanvleet27,evewatanabe70
evewatanabe70,danvanvleet27
aliceanunoby46,frankvanvleet88
frankvanvleet88,aliceanunoby46
dananunoby76,charliewatanabe59
charliewatanabe59,dananunoby76
danbarnes89,frankbarnes27
frankbarnes27,danbarnes89
frankbarnes27,bobanunoby13
bobanunoby13,frankbarnes27
charliesiakam85,franksiakam61
franksiakam61,charliesiakam85
eveanunoby00,danbarnes89
danbarnes89,eveanunoby00
frankbarnes27,charliebarnes18
charliebarnes18,frankbarnes27
bobsiakam82,alicewatanabe87
alicewatanabe87,bobsiakam82
dansiakam52,danwatanabe18
danwatanabe18,dansiakam52
frankvanvleet88,danbarnes89
danbarnes89,frankvanvleet88
charliebarnes18,frankvanvleet88
frankvanvleet88,charliebarnes18
frankvanvleet88,dansiakam52
dansiakam52,frankvanvleet88
dansiakam52,evesiakam52
evesiakam52,dansiakam52
bobvanvleet73,aliceanunoby46
aliceanunoby46,bobvanvleet73
evevanvleet53,bobbarnes46
bobbarnes46,evevanvleet53
evesiakam52,dananunoby76
dananunoby76,evesiakam52
evebarnes87,frankbarnes27
frankbarnes27,evebarnes87
